 BlockNumber,EthereumTransactioHash,HederaTransactionHash 
 126407,0xefb026ba0449cce083bf5bf5c1113937ccbcf4ab79c78f80f9893fbbbe458376,8d547cbbc68265b85e68f0b59cb709209ff426fb0d55539f9b243360f2c4bed7174a35f6c4d51df204f946a002c51435 
 BlockNumber,EthereumTransactioHash,HederaTransactionHash 
 126407,0xefb026ba0449cce083bf5bf5c1113937ccbcf4ab79c78f80f9893fbbbe458376,737bd0f62eac6b98433c9fd94264bb63ef68cfcfad82cc9871dce9f918793374fc36efe1ca12232eaf27ebab0d2623bb 
 BlockNumber,EthereumTransactioHash,HederaTransactionHash 
 126407,0xefb026ba0449cce083bf5bf5c1113937ccbcf4ab79c78f80f9893fbbbe458376,fe4d4c6b85caff62f8868df71ed84baceeda8df3b43bb05fe90e1e0105e1c2fd48a44a9a1e9b0bfa3308a940d1fafed0 
 BlockNumber,EthereumTransactioHash,HederaTransactionHash 
 BlockNumber,EthereumTransactioHash,HederaTransactionHash 
 126407,0xefb026ba0449cce083bf5bf5c1113937ccbcf4ab79c78f80f9893fbbbe458376,d8c4fa52a17f5d2041e51f52248809879a852f687da09653d047e7371839d1aa55cc74a3695e3b335324d260f1c42e62 
 BlockNumber,EthereumTransactioHash,HederaTransactionHash 
 126407,0xefb026ba0449cce083bf5bf5c1113937ccbcf4ab79c78f80f9893fbbbe458376,46a4ee2bd6d86742630d3610b63c56bfc4d1cfdc9093146c5c28805e4a29da3f348db56f8a81032e4cb72d72a5db4770 
 BlockNumber,EthereumTransactioHash,HederaTransactionHash 
 126407,0xefb026ba0449cce083bf5bf5c1113937ccbcf4ab79c78f80f9893fbbbe458376,SOLIDITY 0 ADDRESS 
 BlockNumber,EthereumTransactioHash,HederaTransactionHash 
 126407,0xefb026ba0449cce083bf5bf5c1113937ccbcf4ab79c78f80f9893fbbbe458376,172788d3fec2225cf5e2bc71f3c17f4f743e9ec19e0788d983811ebcd8d807f75f52b4d7c755ecd26c706899a51ff3e1 
 BlockNumber,EthereumTransactioHash,HederaTransactionHash 
 126407,0xefb026ba0449cce083bf5bf5c1113937ccbcf4ab79c78f80f9893fbbbe458376,33883c3accdb49e39eff58a77f7f239cbc51215b95eabea3945fb2493523efc49482cf8010fd125d40d8dd9b0ab5691f 
 BlockNumber,EthereumTransactioHash,HederaTransactionHash 
 126407,0xefb026ba0449cce083bf5bf5c1113937ccbcf4ab79c78f80f9893fbbbe458376,7ca1785cfe24419c27f91475e8519b4bd6529b6a7fc36b8a8ee1b1bdd5d9db2330f3e3345c81938d61f80ad89ee8556f 
